{"cameraMode":{"drawMode":0,"name":"Shaded","section":"Shading Mode"},"sceneLighting":false,"audioPlay":false,"sceneViewState":{"showFog":true,"showMaterialUpdate":false,"showSkybox":false,"showFlares":true,"showImageEffects":true,"showParticleSystems":true},"in2DMode":false,"pivot":{"x":0.04004569351673126,"y":-0.1566055417060852,"z":0.10236607491970062},"rotation":{"x":-0.1979120671749115,"y":-0.5394880771636963,"z":0.13219882547855378,"w":-0.80765700340271},"size":1.503936529159546,"orthographic":false}